<?xml version="1.0" encoding="UTF-8"?>
<!DOCTYPE suite SYSTEM "http://testng.org/testng-1.0.dtd">
<suite name="All Test Suite">
    <test verbose="2" preserve-order="true" name="F:/JavaProject/CucumberTest">
        <classes>
            <class name="com.cucumber.automation.AutomationApplication"/>
            <class name="com.webcheck.DomainCheck"/>
        </classes>
    </test>
    <listeners>
        <listener class-name="org.uncommons.reportng.HTMLReporter"></listener>
    </listeners>
</suite>